{"web":{"client_id":"643270983147-790kqhno93gfedc6i348flfe1ln72gsc.apps.googleusercontent.com","project_id":"durable-binder-234216","auth_uri":"https://accounts.google.com/o/oauth2/auth","token_uri":"https://oauth2.googleapis.com/token","auth_provider_x509_cert_url":"https://www.googleapis.com/oauth2/v1/certs","client_secret":"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","redirect_uris":["http://localhost","http://localhost:8080","http://localhost:8888","http://127.0.0.1:8080","http://127.0.0.1:8888","https://relay.wildfireranch.us/google/callback"]}}